{
  "model": "/mnt/data3/lch/模式识别课程设计/十七周/if_yolov8s_wiou_csfmlite_dys_best_wff.yaml",
  "name": "week15_if_wiou_csfmlite_dys_best_wff",
  "metrics": {
    "metrics/precision(B)": 0.6051937736457096,
    "metrics/recall(B)": 0.4897593210539236,
    "metrics/mAP50(B)": 0.5000255303808322,
    "metrics/mAP50-95(B)": 0.29826647927576433,
    "fitness": 0.29826647927576433
  },
  "class_ap50_95": {
    "pedestrian": 0.2870158682448689,
    "person": 0.19227875081553994,
    "bicycle": 0.12959127078997806,
    "car": 0.6092846749350246,
    "van": 0.3796393526765741,
    "truck": 0.290097815839975,
    "tricycle": 0.21268198814823905,
    "awning-tricycle": 0.12422182851445569,
    "bus": 0.4759377292397871,
    "motor": 0.28191551355320066
  },
  "ap_small_note": "Ultralytics detect val does not expose AP_small unless COCO-json eval is enabled; use save_json=True with COCO-format labels if needed.",
  "model_size_bytes": 23211702,
  "latency_ms_batch1_imgsz960": 17.045091750333086,
  "fps_batch1_imgsz960": 58.667915353430615
}