{
  "model": "/mnt/data3/lch/模式识别课程设计/十七周/if_yolov8s_wiou_csfmlite_dys_best_ldr.yaml",
  "name": "week15_if_wiou_csfmlite_dys_best_ldr",
  "metrics": {
    "metrics/precision(B)": 0.6145500229194064,
    "metrics/recall(B)": 0.4940754158316447,
    "metrics/mAP50(B)": 0.501737781880934,
    "metrics/mAP50-95(B)": 0.28827988716502273,
    "fitness": 0.28827988716502273
  },
  "class_ap50_95": {
    "pedestrian": 0.28132310931448873,
    "person": 0.18931299647114658,
    "bicycle": 0.12563157507219527,
    "car": 0.5883502713636497,
    "van": 0.36703712188669824,
    "truck": 0.2887839160447147,
    "tricycle": 0.20765366730839657,
    "awning-tricycle": 0.11297673017336651,
    "bus": 0.44295455163112285,
    "motor": 0.27877493238444806
  },
  "ap_small_note": "Ultralytics detect val does not expose AP_small unless COCO-json eval is enabled; use save_json=True with COCO-format labels if needed.",
  "model_size_bytes": 23355278,
  "latency_ms_batch1_imgsz960": 16.227750511316117,
  "fps_batch1_imgsz960": 61.622835481890654
}